username,first_name,last_name,email,password,phone_number,created,active
abaker23,Avery,Baker,abaker23@example.com,password123,6159595400,1/6/2025 17:30,1
abaker43,Avery,Baker,abaker43@example.com,password123,6128114923,6/15/2025 21:30,1
anelson37,Alex,Nelson,anelson37@example.com,password123,6162850242,11/1/2025 19:30,1
aperez33,Avery,Perez,aperez33@example.com,password123,6069707486,5/1/2025 22:00,1
aramirez09,Alexander,Ramirez,aramirez09@example.com,password123,6092520089,9/15/2024 22:15,0
arobinson07,Alexander,Robinson,arobinson07@example.com,password123,6149124154,2/21/2025 21:15,0
arodriguez06,Avery,Rodriguez,arodriguez06@example.com,password123,6296741429,5/27/2024 13:00,0
asmith02,Aiden,Smith,asmith02@example.com,password123,6199318861,2/25/2025 17:15,1
asmith50,Aria,Smith,asmith50@example.com,password123,6260321240,8/25/2025 11:15,1
athompson04,Amelia,Thompson,athompson04@example.com,password123,6279029278,6/25/2024 8:00,1
awalker16,Aiden,Walker,awalker16@example.com,password123,6080174513,5/22/2025 12:00,1
bcampbell17,Blake,Campbell,bcampbell17@example.com,password123,6332977913,2/18/2025 15:45,1
bgarcia01,Benjamin,Garcia,bgarcia01@example.com,password123,6346735344,7/4/2024 15:15,1
cbaker14,Chloe,Baker,cbaker14@example.com,password123,6005345564,12/4/2024 17:15,1
cclark44,Casey,Clark,cclark44@example.com,password123,6201412868,2/6/2025 16:15,1
dcarter12,Daniel,Carter,dcarter12@example.com,password123,6041608746,3/19/2025 20:15,1
dwilson07,Drew,Wilson,dwilson07@example.com,password123,6307522770,9/11/2024 10:45,0
ebrown25,Ella,Brown,ebrown25@example.com,password123,6383862838,12/5/2024 14:45,1
edavis46,Elijah,Davis,edavis46@example.com,password123,6156628275,5/24/2025 21:45,1
egreen21,Elijah,Green,egreen21@example.com,password123,6140905275,9/28/2025 9:15,1
elee11,Ella,Lee,elee11@example.com,password123,6123057014,5/2/2025 10:45,1
emartin36,Edgar,Martinez,emartin36@example.com,password123,6123057024,5/3/2025 10:45,1
emartinez04,Ella,Martinez,emartinez04@example.com,password123,6269676325,11/4/2024 13:15,0
emartinez13,Elijah,Martinez,emartinez13@example.com,password123,6169284742,7/4/2025 18:45,1
ggreen45,Grace,Green,ggreen45@example.com,password123,6024134165,11/9/2024 11:15,1
gnguyen10,Grace,Nguyen,gnguyen10@example.com,password123,6015276088,9/12/2024 13:15,0
hbaker24,Henry,Baker,hbaker24@example.com,password123,6015276078,9/13/2024 13:15,1
hbrown22,Hubert ,Brown,hbrown22@example.com,password123,6015276488,9/14/2024 13:15,1
hmartinez08,Hannah,Martinez,hmartinez08@example.com,password123,6050725273,8/30/2024 16:00,0
hmitchell20,Harper,Mitchell,hmitchell20@example.com,password123,6375148022,8/21/2025 15:15,1
hthompson15,Hannah,Thompson,hthompson15@example.com,password123,6198307230,11/4/2024 22:30,1
jdavis01,John,Davis,jdavis01@example.com,password123,6193307230,11/5/2024 22:30,1
jgonzalez05,James,Gonzalez,jgonzalez05@example.com,password123,6111764416,8/4/2025 11:00,1
jhall34,James,Hall,jhall34@example.com,password123,6060426352,3/14/2025 22:30,1
jlee14,Jeffery,Lee,jlee14@example.com,password123,6068426352,3/15/2025 22:30,1
jnelson04,Johan,Nelson,jnelson04@example.com,password123,6069426352,3/16/2025 22:30,1
jperez50,Juan,Perez,jperez50@example.com,password123,6063426352,3/17/2025 22:30,1
ldavis28,Lee,Davis,ldavis28@example.com,password123,6060466352,3/18/2025 22:30,1
lgonzalez03,Lucy,Gonzalez,lgonzalez03@example.com,password123,6014293345,10/8/2024 11:45,1
lhill19,Logan,Hill,lhill19@example.com,password123,6179389559,8/17/2025 12:00,1
lhill39,Liam,Hill,lhill39@example.com,password123,6073340410,5/7/2025 18:15,1
ljackson26,Lucy,Jackson,ljackson26@example.com,password123,6106412388,1/21/2025 12:30,1
ljackson31,Lucy,Jackson,ljackson31@example.com,password123,6281746930,9/20/2025 20:00,1
lking34,Latisha,King,lking34@example.com,password123,6281756930,9/21/2025 20:00,1
lroberts13,Lee Ann,Roberts,lroberts13@example.com,password123,6281746830,9/22/2025 20:00,1
lthomas10,Lily,Thomas,lthomas10@example.com,password123,6391943476,8/16/2024 12:15,0
lwalker41,Lucas,Walker,lwalker41@example.com,password123,6127172888,3/9/2025 10:15,1
lwilson01,Lucy,Wilson,lwilson01@example.com,password123,6201612517,8/16/2025 14:00,1
mclark18,Michael,Clark,mclark18@example.com,password123,6337438863,5/19/2025 13:00,1
mjohnson02,Michael,Johnson,mjohnson02@example.com,password123,6297299730,1/17/2025 9:15,1
mmiller42,Michael,Miller,mmiller42@example.com,password123,6079121220,4/6/2025 19:30,1
myoung32,Mia,Young,myoung32@example.com,password123,6136042499,1/30/2025 13:00,1
myoung35,Mickey,Young,myoung35@example.com,password123,6132042499,1/31/2025 13:00,1
nanderson01,Noah,Anderson,nanderson01@example.com,password123,6086394767,6/18/2024 16:30,0
nflores22,Noah,Flores,nflores22@example.com,password123,6313679627,10/5/2025 21:00,1
nflores36,Nora,Flores,nflores36@example.com,password123,6024494587,5/26/2025 12:30,1
nlee08,Nora,Lee,nlee08@example.com,password123,6283148216,2/19/2025 16:45,0
ntaylor35,Noah,Taylor,ntaylor35@example.com,password123,6000621783,6/25/2025 9:45,1
nthomas10,Niall,Thomas,nthomas10@example.com,password123,6010621783,6/26/2025 9:45,1
nyoung38,Niamh,Young,nyoung38@example.com,password123,6020621783,6/27/2025 9:45,1
omoore11,Onya,Moore,omoore11@example.com,password123,6030621783,6/28/2025 9:45,1
operez05,Olivia,Perez,operez05@example.com,password123,6315689424,6/26/2024 11:30,0
pallen21,Peter,Allen,pallen21@example.com,password123,6315189424,6/27/2024 11:30,1
pthomas18,Patricia,Thomas,pthomas18@example.com,password123,6315629424,6/28/2024 11:30,1
qgreen31,Quincey,Green,qgreen31@example.com,password123,6315683424,6/29/2024 11:30,1
rflores40,Reese,Flores,rflores40@example.com,password123,6353874105,7/7/2025 12:00,1
rhall29,Reese,Hall,rhall29@example.com,password123,6353677459,11/9/2024 18:00,1
rharris03,Riley,Harris,rharris03@example.com,password123,6215216959,7/17/2025 8:00,0
rnelson03,Reese,Nelson,rnelson03@example.com,password123,6302782786,8/26/2024 16:30,0
rwilson15,Russel,Wilson,rwilson15@example.com,password123,5302782786,8/27/2024 16:30,1
sgreen49,Skyler,Green,sgreen49@example.com,password123,6074751083,10/28/2025 10:00,1
shall09,Sophia,Hall,shall09@example.com,password123,6038859685,9/13/2024 19:45,0
sperez02,Shawn,Perez,sperez02@example.com,password123,6299443116,8/21/2024 13:00,0
srobinson06,Siobhan,Robinson,srobinson06@example.com,password123,6299463116,8/22/2024 13:00,1
srobinson27,Shawn,Robinson,srobinson27@example.com,password123,6191970047,12/19/2024 22:00,1
srobinson29,Sophie,Robinson,srobinson29@example.com,password123,6191971047,12/20/2024 22:00,1
ssanchez30,Sophia,Sanchez,ssanchez30@example.com,password123,6047650372,5/9/2025 14:00,1
ssmith47,Sophia,Smith,ssmith47@example.com,password123,6072930877,10/9/2025 22:30,1
swhite07,Shauna,White,swhite07@example.com,password123,6072931877,10/10/2025 22:30,1
tallen06,Taylor,Allen,tallen06@example.com,password123,6110430427,6/11/2024 14:00,0
tcarter28,Taylor,Carter,tcarter28@example.com,password123,6296974161,2/5/2025 19:45,1
tdayguest01,Today,Guest,tdayguest01@example.com,password123,6296974162,2/6/2025 19:45,1
tdayguest02,Today,Guest,tdayguest02@example.com,password123,6296974131,2/7/2025 19:45,1
tdayguest03,Today,Gues1,tdayguest03@example.com,password123,6296974141,2/8/2025 19:45,1
twilson48,Taylor,Wilson,twilson48@example.com,password123,6143701739,5/8/2025 22:15,1
zadams44,Zach,Adams,zadams44@example.com,password123,6143201739,5/9/2025 22:15,1
zmoore08,ZJ,Moore,zmoore08@example.com,password123,6143711739,5/10/2025 22:15,1
zramirez38,Zoe,Ramirez,zramirez38@example.com,password123,6293359749,10/16/2025 10:30,1
